image_name,disease,severity,detector_mode,teeth_pixels,delta_abs_mean,delta_abs_max,texture_pixels,summary_path
00001.png,protrusion,0.2,mediapipe_tasks_face_landmarker,415,0.07595835626125336,2.2502334117889404,0,C:\Users\LIU\Downloads\卒業研究1\outputs\mouth_template_sweep\00001\protrusion\severity_0_20\summary.json
00001.png,protrusion,0.5,mediapipe_tasks_face_landmarker,415,0.11697588115930557,3.465359926223755,0,C:\Users\LIU\Downloads\卒業研究1\outputs\mouth_template_sweep\00001\protrusion\severity_0_50\summary.json
00001.png,protrusion,0.8,mediapipe_tasks_face_landmarker,415,0.1871614009141922,5.5445756912231445,0,C:\Users\LIU\Downloads\卒業研究1\outputs\mouth_template_sweep\00001\protrusion\severity_0_80\summary.json
00001.png,protrusion,1.2,mediapipe_tasks_face_landmarker,415,0.2807421088218689,8.316863059997559,0,C:\Users\LIU\Downloads\卒業研究1\outputs\mouth_template_sweep\00001\protrusion\severity_1_20\summary.json
00001.png,openbite,0.2,mediapipe_tasks_face_landmarker,415,0.025680439546704292,1.4605944156646729,0,C:\Users\LIU\Downloads\卒業研究1\outputs\mouth_template_sweep\00001\openbite\severity_0_20\summary.json
00001.png,openbite,0.5,mediapipe_tasks_face_landmarker,415,0.0395478755235672,2.249316453933716,0,C:\Users\LIU\Downloads\卒業研究1\outputs\mouth_template_sweep\00001\openbite\severity_0_50\summary.json
00001.png,openbite,0.8,mediapipe_tasks_face_landmarker,415,0.06327660381793976,3.598905324935913,0,C:\Users\LIU\Downloads\卒業研究1\outputs\mouth_template_sweep\00001\openbite\severity_0_80\summary.json
00001.png,openbite,1.2,mediapipe_tasks_face_landmarker,415,0.09491491317749023,5.3983588218688965,0,C:\Users\LIU\Downloads\卒業研究1\outputs\mouth_template_sweep\00001\openbite\severity_1_20\summary.json
00001.png,spacing,0.2,mediapipe_tasks_face_landmarker,415,0.030793840065598488,2.3289778232574463,0,C:\Users\LIU\Downloads\卒業研究1\outputs\mouth_template_sweep\00001\spacing\severity_0_20\summary.json
00001.png,spacing,0.5,mediapipe_tasks_face_landmarker,415,0.047422513365745544,3.5866260528564453,0,C:\Users\LIU\Downloads\卒業研究1\outputs\mouth_template_sweep\00001\spacing\severity_0_50\summary.json
00001.png,spacing,0.8,mediapipe_tasks_face_landmarker,415,0.07587601989507675,5.738601207733154,0,C:\Users\LIU\Downloads\卒業研究1\outputs\mouth_template_sweep\00001\spacing\severity_0_80\summary.json
00001.png,spacing,1.2,mediapipe_tasks_face_landmarker,415,0.11381402611732483,8.607903480529785,0,C:\Users\LIU\Downloads\卒業研究1\outputs\mouth_template_sweep\00001\spacing\severity_1_20\summary.json
00001.png,caries,0.2,mediapipe_tasks_face_landmarker,415,0.0,0.0,911,C:\Users\LIU\Downloads\卒業研究1\outputs\mouth_template_sweep\00001\caries\severity_0_20\summary.json
00001.png,caries,0.5,mediapipe_tasks_face_landmarker,415,0.0,0.0,1088,C:\Users\LIU\Downloads\卒業研究1\outputs\mouth_template_sweep\00001\caries\severity_0_50\summary.json
00001.png,caries,0.8,mediapipe_tasks_face_landmarker,415,0.0,0.0,1177,C:\Users\LIU\Downloads\卒業研究1\outputs\mouth_template_sweep\00001\caries\severity_0_80\summary.json
00001.png,caries,1.2,mediapipe_tasks_face_landmarker,415,0.0,0.0,1246,C:\Users\LIU\Downloads\卒業研究1\outputs\mouth_template_sweep\00001\caries\severity_1_20\summary.json
00002.png,protrusion,0.2,mediapipe_tasks_face_landmarker,33,0.05326704680919647,1.9114115238189697,0,C:\Users\LIU\Downloads\卒業研究1\outputs\mouth_template_sweep\00002\protrusion\severity_0_20\summary.json
00002.png,protrusion,0.5,mediapipe_tasks_face_landmarker,33,0.05433238297700882,1.949639916419983,0,C:\Users\LIU\Downloads\卒業研究1\outputs\mouth_template_sweep\00002\protrusion\severity_0_50\summary.json
00002.png,protrusion,0.8,mediapipe_tasks_face_landmarker,33,0.08693180978298187,3.1194233894348145,0,C:\Users\LIU\Downloads\卒業研究1\outputs\mouth_template_sweep\00002\protrusion\severity_0_80\summary.json
00002.png,protrusion,1.2,mediapipe_tasks_face_landmarker,33,0.1303977221250534,4.679135799407959,0,C:\Users\LIU\Downloads\卒業研究1\outputs\mouth_template_sweep\00002\protrusion\severity_1_20\summary.json
00002.png,openbite,0.2,mediapipe_tasks_face_landmarker,33,0.026746269315481186,1.1797791719436646,0,C:\Users\LIU\Downloads\卒業研究1\outputs\mouth_template_sweep\00002\openbite\severity_0_20\summary.json
00002.png,openbite,0.5,mediapipe_tasks_face_landmarker,33,0.027281196787953377,1.2033748626708984,0,C:\Users\LIU\Downloads\卒業研究1\outputs\mouth_template_sweep\00002\openbite\severity_0_50\summary.json
00002.png,openbite,0.8,mediapipe_tasks_face_landmarker,33,0.043649911880493164,1.9253994226455688,0,C:\Users\LIU\Downloads\卒業研究1\outputs\mouth_template_sweep\00002\openbite\severity_0_80\summary.json
00002.png,openbite,1.2,mediapipe_tasks_face_landmarker,33,0.06547486782073975,2.888099193572998,0,C:\Users\LIU\Downloads\卒業研究1\outputs\mouth_template_sweep\00002\openbite\severity_1_20\summary.json
00002.png,spacing,0.2,mediapipe_tasks_face_landmarker,33,0.028053227812051773,1.9288188219070435,0,C:\Users\LIU\Downloads\卒業研究1\outputs\mouth_template_sweep\00002\spacing\severity_0_20\summary.json
00002.png,spacing,0.5,mediapipe_tasks_face_landmarker,33,0.028614293783903122,1.9673954248428345,0,C:\Users\LIU\Downloads\卒業研究1\outputs\mouth_template_sweep\00002\spacing\severity_0_50\summary.json
00002.png,spacing,0.8,mediapipe_tasks_face_landmarker,33,0.045782871544361115,3.1478331089019775,0,C:\Users\LIU\Downloads\卒業研究1\outputs\mouth_template_sweep\00002\spacing\severity_0_80\summary.json
00002.png,spacing,1.2,mediapipe_tasks_face_landmarker,33,0.06867430359125137,4.721749305725098,0,C:\Users\LIU\Downloads\卒業研究1\outputs\mouth_template_sweep\00002\spacing\severity_1_20\summary.json
00002.png,caries,0.2,mediapipe_tasks_face_landmarker,33,0.0,0.0,203,C:\Users\LIU\Downloads\卒業研究1\outputs\mouth_template_sweep\00002\caries\severity_0_20\summary.json
00002.png,caries,0.5,mediapipe_tasks_face_landmarker,33,0.0,0.0,335,C:\Users\LIU\Downloads\卒業研究1\outputs\mouth_template_sweep\00002\caries\severity_0_50\summary.json
00002.png,caries,0.8,mediapipe_tasks_face_landmarker,33,0.0,0.0,400,C:\Users\LIU\Downloads\卒業研究1\outputs\mouth_template_sweep\00002\caries\severity_0_80\summary.json
00002.png,caries,1.2,mediapipe_tasks_face_landmarker,33,0.0,0.0,442,C:\Users\LIU\Downloads\卒業研究1\outputs\mouth_template_sweep\00002\caries\severity_1_20\summary.json
00004.png,protrusion,0.2,mediapipe_tasks_face_landmarker,89,0.058825697749853134,1.516858696937561,0,C:\Users\LIU\Downloads\卒業研究1\outputs\mouth_template_sweep\00004\protrusion\severity_0_20\summary.json
00004.png,protrusion,0.5,mediapipe_tasks_face_landmarker,89,0.07059083878993988,1.8202303647994995,0,C:\Users\LIU\Downloads\卒業研究1\outputs\mouth_template_sweep\00004\protrusion\severity_0_50\summary.json
00004.png,protrusion,0.8,mediapipe_tasks_face_landmarker,89,0.11294534057378769,2.9123692512512207,0,C:\Users\LIU\Downloads\卒業研究1\outputs\mouth_template_sweep\00004\protrusion\severity_0_80\summary.json
00004.png,protrusion,1.2,mediapipe_tasks_face_landmarker,89,0.16941803693771362,4.368553161621094,0,C:\Users\LIU\Downloads\卒業研究1\outputs\mouth_template_sweep\00004\protrusion\severity_1_20\summary.json
00004.png,openbite,0.2,mediapipe_tasks_face_landmarker,89,0.014326522126793861,0.8172695636749268,0,C:\Users\LIU\Downloads\卒業研究1\outputs\mouth_template_sweep\00004\openbite\severity_0_20\summary.json
00004.png,openbite,0.5,mediapipe_tasks_face_landmarker,89,0.017191825434565544,0.9807234406471252,0,C:\Users\LIU\Downloads\卒業研究1\outputs\mouth_template_sweep\00004\openbite\severity_0_50\summary.json
00004.png,openbite,0.8,mediapipe_tasks_face_landmarker,89,0.02750691957771778,1.569157600402832,0,C:\Users\LIU\Downloads\卒業研究1\outputs\mouth_template_sweep\00004\openbite\severity_0_80\summary.json
00004.png,openbite,1.2,mediapipe_tasks_face_landmarker,89,0.041260384023189545,2.353736162185669,0,C:\Users\LIU\Downloads\卒業研究1\outputs\mouth_template_sweep\00004\openbite\severity_1_20\summary.json
00004.png,spacing,0.2,mediapipe_tasks_face_landmarker,89,0.02119971066713333,1.4647912979125977,0,C:\Users\LIU\Downloads\卒業研究1\outputs\mouth_template_sweep\00004\spacing\severity_0_20\summary.json
00004.png,spacing,0.5,mediapipe_tasks_face_landmarker,89,0.025439653545618057,1.7577494382858276,0,C:\Users\LIU\Downloads\卒業研究1\outputs\mouth_template_sweep\00004\spacing\severity_0_50\summary.json
00004.png,spacing,0.8,mediapipe_tasks_face_landmarker,89,0.04070344567298889,2.81239914894104,0,C:\Users\LIU\Downloads\卒業研究1\outputs\mouth_template_sweep\00004\spacing\severity_0_80\summary.json
00004.png,spacing,1.2,mediapipe_tasks_face_landmarker,89,0.06105516478419304,4.21859884262085,0,C:\Users\LIU\Downloads\卒業研究1\outputs\mouth_template_sweep\00004\spacing\severity_1_20\summary.json
00004.png,caries,0.2,mediapipe_tasks_face_landmarker,89,0.0,0.0,410,C:\Users\LIU\Downloads\卒業研究1\outputs\mouth_template_sweep\00004\caries\severity_0_20\summary.json
00004.png,caries,0.5,mediapipe_tasks_face_landmarker,89,0.0,0.0,589,C:\Users\LIU\Downloads\卒業研究1\outputs\mouth_template_sweep\00004\caries\severity_0_50\summary.json
00004.png,caries,0.8,mediapipe_tasks_face_landmarker,89,0.0,0.0,682,C:\Users\LIU\Downloads\卒業研究1\outputs\mouth_template_sweep\00004\caries\severity_0_80\summary.json
00004.png,caries,1.2,mediapipe_tasks_face_landmarker,89,0.0,0.0,748,C:\Users\LIU\Downloads\卒業研究1\outputs\mouth_template_sweep\00004\caries\severity_1_20\summary.json
00005.png,protrusion,0.2,mediapipe_tasks_face_landmarker,24,0.07369453459978104,1.900678038597107,0,C:\Users\LIU\Downloads\卒業研究1\outputs\mouth_template_sweep\00005\protrusion\severity_0_20\summary.json
00005.png,protrusion,0.5,mediapipe_tasks_face_landmarker,24,0.07369453459978104,1.900678038597107,0,C:\Users\LIU\Downloads\卒業研究1\outputs\mouth_template_sweep\00005\protrusion\severity_0_50\summary.json
00005.png,protrusion,0.8,mediapipe_tasks_face_landmarker,24,0.11319481581449509,2.9194416999816895,0,C:\Users\LIU\Downloads\卒業研究1\outputs\mouth_template_sweep\00005\protrusion\severity_0_80\summary.json
00005.png,protrusion,1.2,mediapipe_tasks_face_landmarker,24,0.16979220509529114,4.379161834716797,0,C:\Users\LIU\Downloads\卒業研究1\outputs\mouth_template_sweep\00005\protrusion\severity_1_20\summary.json
00005.png,openbite,0.2,mediapipe_tasks_face_landmarker,24,0.018132759258151054,0.8943845629692078,0,C:\Users\LIU\Downloads\卒業研究1\outputs\mouth_template_sweep\00005\openbite\severity_0_20\summary.json
00005.png,openbite,0.5,mediapipe_tasks_face_landmarker,24,0.018132759258151054,0.8943845629692078,0,C:\Users\LIU\Downloads\卒業研究1\outputs\mouth_template_sweep\00005\openbite\severity_0_50\summary.json
00005.png,openbite,0.8,mediapipe_tasks_face_landmarker,24,0.027851920574903488,1.3737750053405762,0,C:\Users\LIU\Downloads\卒業研究1\outputs\mouth_template_sweep\00005\openbite\severity_0_80\summary.json
00005.png,openbite,1.2,mediapipe_tasks_face_landmarker,24,0.04177788272500038,2.060662031173706,0,C:\Users\LIU\Downloads\卒業研究1\outputs\mouth_template_sweep\00005\openbite\severity_1_20\summary.json
00005.png,spacing,0.2,mediapipe_tasks_face_landmarker,24,0.01797647401690483,1.1122334003448486,0,C:\Users\LIU\Downloads\卒業研究1\outputs\mouth_template_sweep\00005\spacing\severity_0_20\summary.json
00005.png,spacing,0.5,mediapipe_tasks_face_landmarker,24,0.01797647401690483,1.1122334003448486,0,C:\Users\LIU\Downloads\卒業研究1\outputs\mouth_template_sweep\00005\spacing\severity_0_50\summary.json
00005.png,spacing,0.8,mediapipe_tasks_face_landmarker,24,0.027611862868070602,1.708390474319458,0,C:\Users\LIU\Downloads\卒業研究1\outputs\mouth_template_sweep\00005\spacing\severity_0_80\summary.json
00005.png,spacing,1.2,mediapipe_tasks_face_landmarker,24,0.04141779989004135,2.5625855922698975,0,C:\Users\LIU\Downloads\卒業研究1\outputs\mouth_template_sweep\00005\spacing\severity_1_20\summary.json
00005.png,caries,0.2,mediapipe_tasks_face_landmarker,24,0.0,0.0,141,C:\Users\LIU\Downloads\卒業研究1\outputs\mouth_template_sweep\00005\caries\severity_0_20\summary.json
00005.png,caries,0.5,mediapipe_tasks_face_landmarker,24,0.0,0.0,254,C:\Users\LIU\Downloads\卒業研究1\outputs\mouth_template_sweep\00005\caries\severity_0_50\summary.json
00005.png,caries,0.8,mediapipe_tasks_face_landmarker,24,0.0,0.0,309,C:\Users\LIU\Downloads\卒業研究1\outputs\mouth_template_sweep\00005\caries\severity_0_80\summary.json
00005.png,caries,1.2,mediapipe_tasks_face_landmarker,24,0.0,0.0,347,C:\Users\LIU\Downloads\卒業研究1\outputs\mouth_template_sweep\00005\caries\severity_1_20\summary.json
00006.png,protrusion,0.2,mediapipe_tasks_face_landmarker,44,0.04474353790283203,1.3023204803466797,0,C:\Users\LIU\Downloads\卒業研究1\outputs\mouth_template_sweep\00006\protrusion\severity_0_20\summary.json
00006.png,protrusion,0.5,mediapipe_tasks_face_landmarker,44,0.055481985211372375,1.6148773431777954,0,C:\Users\LIU\Downloads\卒業研究1\outputs\mouth_template_sweep\00006\protrusion\severity_0_50\summary.json
00006.png,protrusion,0.8,mediapipe_tasks_face_landmarker,44,0.08877118676900864,2.583803653717041,0,C:\Users\LIU\Downloads\卒業研究1\outputs\mouth_template_sweep\00006\protrusion\severity_0_80\summary.json
00006.png,protrusion,1.2,mediapipe_tasks_face_landmarker,44,0.13315677642822266,3.8757059574127197,0,C:\Users\LIU\Downloads\卒業研究1\outputs\mouth_template_sweep\00006\protrusion\severity_1_20\summary.json
00006.png,openbite,0.2,mediapipe_tasks_face_landmarker,44,0.010473349131643772,0.5920796990394592,0,C:\Users\LIU\Downloads\卒業研究1\outputs\mouth_template_sweep\00006\openbite\severity_0_20\summary.json
00006.png,openbite,0.5,mediapipe_tasks_face_landmarker,44,0.012986953370273113,0.7341788411140442,0,C:\Users\LIU\Downloads\卒業研究1\outputs\mouth_template_sweep\00006\openbite\severity_0_50\summary.json
00006.png,openbite,0.8,mediapipe_tasks_face_landmarker,44,0.02077912539243698,1.1746861934661865,0,C:\Users\LIU\Downloads\卒業研究1\outputs\mouth_template_sweep\00006\openbite\severity_0_80\summary.json
00006.png,openbite,1.2,mediapipe_tasks_face_landmarker,44,0.031168686226010323,1.7620295286178589,0,C:\Users\LIU\Downloads\卒業研究1\outputs\mouth_template_sweep\00006\openbite\severity_1_20\summary.json
00006.png,spacing,0.2,mediapipe_tasks_face_landmarker,44,0.018695790320634842,1.6007444858551025,0,C:\Users\LIU\Downloads\卒業研究1\outputs\mouth_template_sweep\00006\spacing\severity_0_20\summary.json
00006.png,spacing,0.5,mediapipe_tasks_face_landmarker,44,0.023182779550552368,1.9849234819412231,0,C:\Users\LIU\Downloads\卒業研究1\outputs\mouth_template_sweep\00006\spacing\severity_0_50\summary.json
00006.png,spacing,0.8,mediapipe_tasks_face_landmarker,44,0.03709245100617409,3.175877094268799,0,C:\Users\LIU\Downloads\卒業研究1\outputs\mouth_template_sweep\00006\spacing\severity_0_80\summary.json
00006.png,spacing,1.2,mediapipe_tasks_face_landmarker,44,0.055638670921325684,4.763815402984619,0,C:\Users\LIU\Downloads\卒業研究1\outputs\mouth_template_sweep\00006\spacing\severity_1_20\summary.json
00006.png,caries,0.2,mediapipe_tasks_face_landmarker,44,0.0,0.0,252,C:\Users\LIU\Downloads\卒業研究1\outputs\mouth_template_sweep\00006\caries\severity_0_20\summary.json
00006.png,caries,0.5,mediapipe_tasks_face_landmarker,44,0.0,0.0,452,C:\Users\LIU\Downloads\卒業研究1\outputs\mouth_template_sweep\00006\caries\severity_0_50\summary.json
00006.png,caries,0.8,mediapipe_tasks_face_landmarker,44,0.0,0.0,541,C:\Users\LIU\Downloads\卒業研究1\outputs\mouth_template_sweep\00006\caries\severity_0_80\summary.json
00006.png,caries,1.2,mediapipe_tasks_face_landmarker,44,0.0,0.0,606,C:\Users\LIU\Downloads\卒業研究1\outputs\mouth_template_sweep\00006\caries\severity_1_20\summary.json
00008.png,protrusion,0.2,mediapipe_tasks_face_landmarker,40,0.0201092716306448,0.8041621446609497,0,C:\Users\LIU\Downloads\卒業研究1\outputs\mouth_template_sweep\00008\protrusion\severity_0_20\summary.json
00008.png,protrusion,0.5,mediapipe_tasks_face_landmarker,40,0.022120200097560883,0.8845784664154053,0,C:\Users\LIU\Downloads\卒業研究1\outputs\mouth_template_sweep\00008\protrusion\severity_0_50\summary.json
00008.png,protrusion,0.8,mediapipe_tasks_face_landmarker,40,0.03539232164621353,1.415325403213501,0,C:\Users\LIU\Downloads\卒業研究1\outputs\mouth_template_sweep\00008\protrusion\severity_0_80\summary.json
00008.png,protrusion,1.2,mediapipe_tasks_face_landmarker,40,0.05308847874403,2.12298846244812,0,C:\Users\LIU\Downloads\卒業研究1\outputs\mouth_template_sweep\00008\protrusion\severity_1_20\summary.json
00008.png,openbite,0.2,mediapipe_tasks_face_landmarker,40,0.011750293895602226,0.6885035634040833,0,C:\Users\LIU\Downloads\卒業研究1\outputs\mouth_template_sweep\00008\openbite\severity_0_20\summary.json
00008.png,openbite,0.5,mediapipe_tasks_face_landmarker,40,0.01292532216757536,0.7573539018630981,0,C:\Users\LIU\Downloads\卒業研究1\outputs\mouth_template_sweep\00008\openbite\severity_0_50\summary.json
00008.png,openbite,0.8,mediapipe_tasks_face_landmarker,40,0.020680516958236694,1.211766242980957,0,C:\Users\LIU\Downloads\卒業研究1\outputs\mouth_template_sweep\00008\openbite\severity_0_80\summary.json
00008.png,openbite,1.2,mediapipe_tasks_face_landmarker,40,0.031020773574709892,1.817649483680725,0,C:\Users\LIU\Downloads\卒業研究1\outputs\mouth_template_sweep\00008\openbite\severity_1_20\summary.json
00008.png,spacing,0.2,mediapipe_tasks_face_landmarker,40,0.002863096771761775,0.24914509057998657,0,C:\Users\LIU\Downloads\卒業研究1\outputs\mouth_template_sweep\00008\spacing\severity_0_20\summary.json
00008.png,spacing,0.5,mediapipe_tasks_face_landmarker,40,0.0031494065187871456,0.27405962347984314,0,C:\Users\LIU\Downloads\卒業研究1\outputs\mouth_template_sweep\00008\spacing\severity_0_50\summary.json
00008.png,spacing,0.8,mediapipe_tasks_face_landmarker,40,0.005039050709456205,0.43849536776542664,0,C:\Users\LIU\Downloads\卒業研究1\outputs\mouth_template_sweep\00008\spacing\severity_0_80\summary.json
00008.png,spacing,1.2,mediapipe_tasks_face_landmarker,40,0.007558575365692377,0.6577430367469788,0,C:\Users\LIU\Downloads\卒業研究1\outputs\mouth_template_sweep\00008\spacing\severity_1_20\summary.json
00008.png,caries,0.2,mediapipe_tasks_face_landmarker,40,0.0,0.0,197,C:\Users\LIU\Downloads\卒業研究1\outputs\mouth_template_sweep\00008\caries\severity_0_20\summary.json
00008.png,caries,0.5,mediapipe_tasks_face_landmarker,40,0.0,0.0,304,C:\Users\LIU\Downloads\卒業研究1\outputs\mouth_template_sweep\00008\caries\severity_0_50\summary.json
00008.png,caries,0.8,mediapipe_tasks_face_landmarker,40,0.0,0.0,387,C:\Users\LIU\Downloads\卒業研究1\outputs\mouth_template_sweep\00008\caries\severity_0_80\summary.json
00008.png,caries,1.2,mediapipe_tasks_face_landmarker,40,0.0,0.0,448,C:\Users\LIU\Downloads\卒業研究1\outputs\mouth_template_sweep\00008\caries\severity_1_20\summary.json
00009.png,protrusion,0.2,mediapipe_tasks_face_landmarker,358,0.05809826776385307,1.3159431219100952,0,C:\Users\LIU\Downloads\卒業研究1\outputs\mouth_template_sweep\00009\protrusion\severity_0_20\summary.json
00009.png,protrusion,0.5,mediapipe_tasks_face_landmarker,358,0.06739398837089539,1.526493787765503,0,C:\Users\LIU\Downloads\卒業研究1\outputs\mouth_template_sweep\00009\protrusion\severity_0_50\summary.json
00009.png,protrusion,0.8,mediapipe_tasks_face_landmarker,358,0.10783038288354874,2.442389726638794,0,C:\Users\LIU\Downloads\卒業研究1\outputs\mouth_template_sweep\00009\protrusion\severity_0_80\summary.json
00009.png,protrusion,1.2,mediapipe_tasks_face_landmarker,358,0.1617455780506134,3.6635851860046387,0,C:\Users\LIU\Downloads\卒業研究1\outputs\mouth_template_sweep\00009\protrusion\severity_1_20\summary.json
00009.png,openbite,0.2,mediapipe_tasks_face_landmarker,358,0.015055300667881966,0.6466902494430542,0,C:\Users\LIU\Downloads\卒業研究1\outputs\mouth_template_sweep\00009\openbite\severity_0_20\summary.json
00009.png,openbite,0.5,mediapipe_tasks_face_landmarker,358,0.01746414788067341,0.750160813331604,0,C:\Users\LIU\Downloads\卒業研究1\outputs\mouth_template_sweep\00009\openbite\severity_0_50\summary.json
00009.png,openbite,0.8,mediapipe_tasks_face_landmarker,358,0.027942635118961334,1.2002571821212769,0,C:\Users\LIU\Downloads\卒業研究1\outputs\mouth_template_sweep\00009\openbite\severity_0_80\summary.json
00009.png,openbite,1.2,mediapipe_tasks_face_landmarker,358,0.041913952678442,1.8003859519958496,0,C:\Users\LIU\Downloads\卒業研究1\outputs\mouth_template_sweep\00009\openbite\severity_1_20\summary.json
00009.png,spacing,0.2,mediapipe_tasks_face_landmarker,358,0.022443313151597977,1.5976194143295288,0,C:\Users\LIU\Downloads\卒業研究1\outputs\mouth_template_sweep\00009\spacing\severity_0_20\summary.json
00009.png,spacing,0.5,mediapipe_tasks_face_landmarker,358,0.026034241542220116,1.8532384634017944,0,C:\Users\LIU\Downloads\卒業研究1\outputs\mouth_template_sweep\00009\spacing\severity_0_50\summary.json
00009.png,spacing,0.8,mediapipe_tasks_face_landmarker,358,0.0416547916829586,2.965181827545166,0,C:\Users\LIU\Downloads\卒業研究1\outputs\mouth_template_sweep\00009\spacing\severity_0_80\summary.json
00009.png,spacing,1.2,mediapipe_tasks_face_landmarker,358,0.06248218193650246,4.447771072387695,0,C:\Users\LIU\Downloads\卒業研究1\outputs\mouth_template_sweep\00009\spacing\severity_1_20\summary.json
00009.png,caries,0.2,mediapipe_tasks_face_landmarker,358,0.0,0.0,845,C:\Users\LIU\Downloads\卒業研究1\outputs\mouth_template_sweep\00009\caries\severity_0_20\summary.json
00009.png,caries,0.5,mediapipe_tasks_face_landmarker,358,0.0,0.0,1002,C:\Users\LIU\Downloads\卒業研究1\outputs\mouth_template_sweep\00009\caries\severity_0_50\summary.json
00009.png,caries,0.8,mediapipe_tasks_face_landmarker,358,0.0,0.0,1093,C:\Users\LIU\Downloads\卒業研究1\outputs\mouth_template_sweep\00009\caries\severity_0_80\summary.json
00009.png,caries,1.2,mediapipe_tasks_face_landmarker,358,0.0,0.0,1148,C:\Users\LIU\Downloads\卒業研究1\outputs\mouth_template_sweep\00009\caries\severity_1_20\summary.json
00010.png,protrusion,0.2,mediapipe_tasks_face_landmarker,57,0.06456883251667023,2.395918607711792,0,C:\Users\LIU\Downloads\卒業研究1\outputs\mouth_template_sweep\00010\protrusion\severity_0_20\summary.json
00010.png,protrusion,0.5,mediapipe_tasks_face_landmarker,57,0.07102572917938232,2.6355104446411133,0,C:\Users\LIU\Downloads\卒業研究1\outputs\mouth_template_sweep\00010\protrusion\severity_0_50\summary.json
00010.png,protrusion,0.8,mediapipe_tasks_face_landmarker,57,0.113641157746315,4.216816425323486,0,C:\Users\LIU\Downloads\卒業研究1\outputs\mouth_template_sweep\00010\protrusion\severity_0_80\summary.json
00010.png,protrusion,1.2,mediapipe_tasks_face_landmarker,57,0.1704617440700531,6.325225830078125,0,C:\Users\LIU\Downloads\卒業研究1\outputs\mouth_template_sweep\00010\protrusion\severity_1_20\summary.json
00010.png,openbite,0.2,mediapipe_tasks_face_landmarker,57,0.009823043830692768,0.5782651305198669,0,C:\Users\LIU\Downloads\卒業研究1\outputs\mouth_template_sweep\00010\openbite\severity_0_20\summary.json
00010.png,openbite,0.5,mediapipe_tasks_face_landmarker,57,0.010805347934365273,0.6360917091369629,0,C:\Users\LIU\Downloads\卒業研究1\outputs\mouth_template_sweep\00010\openbite\severity_0_50\summary.json
00010.png,openbite,0.8,mediapipe_tasks_face_landmarker,57,0.017288556322455406,1.0177468061447144,0,C:\Users\LIU\Downloads\卒業研究1\outputs\mouth_template_sweep\00010\openbite\severity_0_80\summary.json
00010.png,openbite,1.2,mediapipe_tasks_face_landmarker,57,0.025932835415005684,1.5266200304031372,0,C:\Users\LIU\Downloads\卒業研究1\outputs\mouth_template_sweep\00010\openbite\severity_1_20\summary.json
00010.png,spacing,0.2,mediapipe_tasks_face_landmarker,57,0.019312767311930656,1.5359851121902466,0,C:\Users\LIU\Downloads\卒業研究1\outputs\mouth_template_sweep\00010\spacing\severity_0_20\summary.json
00010.png,spacing,0.5,mediapipe_tasks_face_landmarker,57,0.021244043484330177,1.6895833015441895,0,C:\Users\LIU\Downloads\卒業研究1\outputs\mouth_template_sweep\00010\spacing\severity_0_50\summary.json
00010.png,spacing,0.8,mediapipe_tasks_face_landmarker,57,0.033990468829870224,2.7033333778381348,0,C:\Users\LIU\Downloads\卒業研究1\outputs\mouth_template_sweep\00010\spacing\severity_0_80\summary.json
00010.png,spacing,1.2,mediapipe_tasks_face_landmarker,57,0.050985705107450485,4.054999828338623,0,C:\Users\LIU\Downloads\卒業研究1\outputs\mouth_template_sweep\00010\spacing\severity_1_20\summary.json
00010.png,caries,0.2,mediapipe_tasks_face_landmarker,57,0.0,0.0,216,C:\Users\LIU\Downloads\卒業研究1\outputs\mouth_template_sweep\00010\caries\severity_0_20\summary.json
00010.png,caries,0.5,mediapipe_tasks_face_landmarker,57,0.0,0.0,305,C:\Users\LIU\Downloads\卒業研究1\outputs\mouth_template_sweep\00010\caries\severity_0_50\summary.json
00010.png,caries,0.8,mediapipe_tasks_face_landmarker,57,0.0,0.0,343,C:\Users\LIU\Downloads\卒業研究1\outputs\mouth_template_sweep\00010\caries\severity_0_80\summary.json
00010.png,caries,1.2,mediapipe_tasks_face_landmarker,57,0.0,0.0,385,C:\Users\LIU\Downloads\卒業研究1\outputs\mouth_template_sweep\00010\caries\severity_1_20\summary.json
00011.png,protrusion,0.2,mediapipe_tasks_face_landmarker,130,0.07142973691225052,2.8492655754089355,0,C:\Users\LIU\Downloads\卒業研究1\outputs\mouth_template_sweep\00011\protrusion\severity_0_20\summary.json
00011.png,protrusion,0.5,mediapipe_tasks_face_landmarker,130,0.08857286721467972,3.5330891609191895,0,C:\Users\LIU\Downloads\卒業研究1\outputs\mouth_template_sweep\00011\protrusion\severity_0_50\summary.json
00011.png,protrusion,0.8,mediapipe_tasks_face_landmarker,130,0.1417165845632553,5.652942657470703,0,C:\Users\LIU\Downloads\卒業研究1\outputs\mouth_template_sweep\00011\protrusion\severity_0_80\summary.json
00011.png,protrusion,1.2,mediapipe_tasks_face_landmarker,130,0.21257488429546356,8.479413986206055,0,C:\Users\LIU\Downloads\卒業研究1\outputs\mouth_template_sweep\00011\protrusion\severity_1_20\summary.json
00011.png,openbite,0.2,mediapipe_tasks_face_landmarker,130,0.012175889685750008,0.6999428272247314,0,C:\Users\LIU\Downloads\卒業研究1\outputs\mouth_template_sweep\00011\openbite\severity_0_20\summary.json
00011.png,openbite,0.5,mediapipe_tasks_face_landmarker,130,0.015098104253411293,0.8679291009902954,0,C:\Users\LIU\Downloads\卒業研究1\outputs\mouth_template_sweep\00011\openbite\severity_0_50\summary.json
00011.png,openbite,0.8,mediapipe_tasks_face_landmarker,130,0.02415696531534195,1.3886865377426147,0,C:\Users\LIU\Downloads\卒業研究1\outputs\mouth_template_sweep\00011\openbite\severity_0_80\summary.json
00011.png,openbite,1.2,mediapipe_tasks_face_landmarker,130,0.036235447973012924,2.0830297470092773,0,C:\Users\LIU\Downloads\卒業研究1\outputs\mouth_template_sweep\00011\openbite\severity_1_20\summary.json
00011.png,spacing,0.2,mediapipe_tasks_face_landmarker,130,0.021333390846848488,1.6494516134262085,0,C:\Users\LIU\Downloads\卒業研究1\outputs\mouth_template_sweep\00011\spacing\severity_0_20\summary.json
00011.png,spacing,0.5,mediapipe_tasks_face_landmarker,130,0.026453403756022453,2.045320510864258,0,C:\Users\LIU\Downloads\卒業研究1\outputs\mouth_template_sweep\00011\spacing\severity_0_50\summary.json
00011.png,spacing,0.8,mediapipe_tasks_face_landmarker,130,0.042325444519519806,3.272512197494507,0,C:\Users\LIU\Downloads\卒業研究1\outputs\mouth_template_sweep\00011\spacing\severity_0_80\summary.json
00011.png,spacing,1.2,mediapipe_tasks_face_landmarker,130,0.06348817050457001,4.908768653869629,0,C:\Users\LIU\Downloads\卒業研究1\outputs\mouth_template_sweep\00011\spacing\severity_1_20\summary.json
00011.png,caries,0.2,mediapipe_tasks_face_landmarker,130,0.0,0.0,381,C:\Users\LIU\Downloads\卒業研究1\outputs\mouth_template_sweep\00011\caries\severity_0_20\summary.json
00011.png,caries,0.5,mediapipe_tasks_face_landmarker,130,0.0,0.0,499,C:\Users\LIU\Downloads\卒業研究1\outputs\mouth_template_sweep\00011\caries\severity_0_50\summary.json
00011.png,caries,0.8,mediapipe_tasks_face_landmarker,130,0.0,0.0,554,C:\Users\LIU\Downloads\卒業研究1\outputs\mouth_template_sweep\00011\caries\severity_0_80\summary.json
00011.png,caries,1.2,mediapipe_tasks_face_landmarker,130,0.0,0.0,605,C:\Users\LIU\Downloads\卒業研究1\outputs\mouth_template_sweep\00011\caries\severity_1_20\summary.json
00012.png,protrusion,0.2,mediapipe_tasks_face_landmarker,57,0.043506305664777756,0.6589680314064026,0,C:\Users\LIU\Downloads\卒業研究1\outputs\mouth_template_sweep\00012\protrusion\severity_0_20\summary.json
00012.png,protrusion,0.5,mediapipe_tasks_face_landmarker,57,0.043506305664777756,0.6589680314064026,0,C:\Users\LIU\Downloads\卒業研究1\outputs\mouth_template_sweep\00012\protrusion\severity_0_50\summary.json
00012.png,protrusion,0.8,mediapipe_tasks_face_landmarker,57,0.06821788102388382,1.0332618951797485,0,C:\Users\LIU\Downloads\卒業研究1\outputs\mouth_template_sweep\00012\protrusion\severity_0_80\summary.json
00012.png,protrusion,1.2,mediapipe_tasks_face_landmarker,57,0.10232682526111603,1.5498926639556885,0,C:\Users\LIU\Downloads\卒業研究1\outputs\mouth_template_sweep\00012\protrusion\severity_1_20\summary.json
00012.png,openbite,0.2,mediapipe_tasks_face_landmarker,57,0.005497539881616831,0.2114325910806656,0,C:\Users\LIU\Downloads\卒業研究1\outputs\mouth_template_sweep\00012\openbite\severity_0_20\summary.json
00012.png,openbite,0.5,mediapipe_tasks_face_landmarker,57,0.005497539881616831,0.2114325910806656,0,C:\Users\LIU\Downloads\卒業研究1\outputs\mouth_template_sweep\00012\openbite\severity_0_50\summary.json
00012.png,openbite,0.8,mediapipe_tasks_face_landmarker,57,0.008620142936706543,0.3315262496471405,0,C:\Users\LIU\Downloads\卒業研究1\outputs\mouth_template_sweep\00012\openbite\severity_0_80\summary.json
00012.png,openbite,1.2,mediapipe_tasks_face_landmarker,57,0.012930214405059814,0.49728941917419434,0,C:\Users\LIU\Downloads\卒業研究1\outputs\mouth_template_sweep\00012\openbite\severity_1_20\summary.json
00012.png,spacing,0.2,mediapipe_tasks_face_landmarker,57,0.02651560679078102,1.4953995943069458,0,C:\Users\LIU\Downloads\卒業研究1\outputs\mouth_template_sweep\00012\spacing\severity_0_20\summary.json
00012.png,spacing,0.5,mediapipe_tasks_face_landmarker,57,0.02651560679078102,1.4953995943069458,0,C:\Users\LIU\Downloads\卒業研究1\outputs\mouth_template_sweep\00012\spacing\severity_0_50\summary.json
00012.png,spacing,0.8,mediapipe_tasks_face_landmarker,57,0.04157647490501404,2.3447864055633545,0,C:\Users\LIU\Downloads\卒業研究1\outputs\mouth_template_sweep\00012\spacing\severity_0_80\summary.json
00012.png,spacing,1.2,mediapipe_tasks_face_landmarker,57,0.06236470863223076,3.5171799659729004,0,C:\Users\LIU\Downloads\卒業研究1\outputs\mouth_template_sweep\00012\spacing\severity_1_20\summary.json
00012.png,caries,0.2,mediapipe_tasks_face_landmarker,57,0.0,0.0,340,C:\Users\LIU\Downloads\卒業研究1\outputs\mouth_template_sweep\00012\caries\severity_0_20\summary.json
00012.png,caries,0.5,mediapipe_tasks_face_landmarker,57,0.0,0.0,524,C:\Users\LIU\Downloads\卒業研究1\outputs\mouth_template_sweep\00012\caries\severity_0_50\summary.json
00012.png,caries,0.8,mediapipe_tasks_face_landmarker,57,0.0,0.0,610,C:\Users\LIU\Downloads\卒業研究1\outputs\mouth_template_sweep\00012\caries\severity_0_80\summary.json
00012.png,caries,1.2,mediapipe_tasks_face_landmarker,57,0.0,0.0,663,C:\Users\LIU\Downloads\卒業研究1\outputs\mouth_template_sweep\00012\caries\severity_1_20\summary.json
